Issue key,Issue id,Summary,Priority,Created
SD-73886,1265622,Hi can I please have this case status updated to out for signature 03973455,Normal,06/Jan/26 9:30 AM
SD-73829,1265245,hey team hoping to get this OB record churned Lawinger Electric Contractor,Normal,05/Jan/26 6:00 PM
SD-72514,1252704,Need Onboarding Record rolled back to Pending Underwriting,Normal,16/Dec/25 9:25 AM
SD-72455,1252167,OB records were churned but the case status and account status remained the same,Normal,16/Dec/25 12:41 AM
SD-71772,1244003,Update account status to success,Normal,08/Dec/25 11:45 PM
SD-71648,1242653,Change Onboarding Record back to Pending Underwriting,Normal,08/Dec/25 7:50 AM
SD-71600,1241189,Hey team I need help churning this OB record,Normal,05/Dec/25 4:55 PM
SD-71406,1238675,Please delete OB record - created in Error,Normal,04/Dec/25 11:51 AM
SD-70124,1222102,I am trying to put this case in my name but it says record is locked,Normal,20/Nov/25 1:22 PM
SD-65577,1164495,Flip Case Status to Contract Updated,Normal,13/Oct/25 12:59 PM
SD-64299,1144664,Hi please terminate OB record,Normal,30/Sep/25 8:46 AM
SD-63599,1139332,Request to have onboarding record deleted for CustomerFocused LLC DBA Aire S,Normal,26/Sep/25 8:02 AM
SD-62706,1126664,Update dates on OB record,Normal,16/Sep/25 5:35 PM
SD-60547,1090873,Delete duplicate OB record,Normal,22/Aug/25 3:22 PM
SD-60020,1085459,Subscription lines are incorrect for customer,Normal,18/Aug/25 3:08 PM
SD-57170,1049779,Please delete the following OB record as was opened in error,Normal,17/Jul/25 1:20 PM
SD-75162,1280615,Delete duplicate opps nextplumbingandair,Normal,15/Jan/26 12:58 PM
SD-75161,1280613,Reopen closed lost opportunity tropicalcoastco_bell,Normal,15/Jan/26 12:57 PM
SD-75037,1278425,Please delete the following records as they were opened in error,Normal,14/Jan/26 1:51 PM
SD-74999,1278027,delete duplicate opportunity,Normal,14/Jan/26 11:15 AM
SD-74935,1277520,Need to move stage on this opportunity back to Pending Boarding as this is still an active account,Normal,14/Jan/26 7:27 AM
SD-74900,1276988,Please delete the following records as they were opened in error,Normal,13/Jan/26 6:15 PM
SD-74868,1276727,Please Delete Duplicate Payments Opportunity for Reactive Plumbing Services PTY LTD,Normal,13/Jan/26 1:59 PM
SD-74742,1275793,Delete duplicate opp abcplumbingheatingcoolingandelectric,Normal,13/Jan/26 6:38 AM
SD-74741,1275777,Remove duplicate opportunity solidrockconstructiongroupllc,Normal,13/Jan/26 6:33 AM
SD-74734,1275670,Cant churn this OB record although all required fields are filled in,Normal,13/Jan/26 4:12 AM
SD-74668,1272144,Delayed Salesforce access request,Normal,12/Jan/26 12:14 PM
SD-74652,1271877,Please move opportunity to discovery call,Normal,12/Jan/26 10:58 AM
SD-74353,1268953,Remove Payments opportunity,Normal,08/Jan/26 1:49 PM
SD-74298,1268622,Remove Payments opportunity,Normal,08/Jan/26 11:01 AM
SD-74271,1268503,Please Delete Duplicate Payment Opp for B and B Facility Maintenance LLC,Normal,08/Jan/26 10:19 AM
SD-74189,1267863,hey team another OB record to churn First Opinion HVAC LLC,Normal,08/Jan/26 2:41 AM
SD-74135,1267489,Lost access to ST Salesforce Again,Normal,07/Jan/26 2:09 PM
SD-74009,1266583,hey team another OB record to churn The Drain Smith LLC,Normal,07/Jan/26 5:33 AM
SD-73998,1266464,Salesforce access,Normal,07/Jan/26 2:47 AM
SD-73956,1266092,I need access to ServiceTitan salesforce,Normal,06/Jan/26 1:49 PM
SD-73920,1265845,Need to mark stage on this opportunity as Closed Lost but unable to do so,Normal,06/Jan/26 11:29 AM
SD-73715,1264546,Please restore my exact access to Salesforce,Normal,05/Jan/26 9:42 AM
SD-73691,1264432,Please create a Payment Opportunity for Harwich Port Heating and Cooling LLC,Normal,05/Jan/26 8:55 AM
SD-73600,1263343,Salesforce access,Normal,02/Jan/26 9:53 AM
SD-73549,1263055,hey team another OB record to churn please Davis Plumbing LLC,Normal,31/Dec/25 3:53 AM
SD-73548,1263045,hi team can you please help me churn this OB record My Home Heat and Air LLC,Normal,31/Dec/25 3:17 AM
SD-73509,1262715,Need Permissions Changed in SFDC,Normal,30/Dec/25 11:41 AM
SD-73468,1262377,hi team can you please help me churn this OB record,Normal,30/Dec/25 3:37 AM
SD-73167,1259299,I dont see salesforce ServiceTitan tile on Okta and I need access,Normal,22/Dec/25 1:40 PM
SD-72895,1256624,Please Delete Duplicate Payment Opp for Anderson Chimney Sweeps Inc,Normal,18/Dec/25 4:49 PM
SD-72894,1256620,Please Delete Duplicate Payment Opp for Temco Air Environmental,Normal,18/Dec/25 4:33 PM
SD-72887,1256532,Need access to Salesforce,Normal,18/Dec/25 3:06 PM
SD-72861,1256156,hey team can I please get help churning this OB rec Davis Mechanical Systems Inc,Normal,18/Dec/25 12:08 PM
SD-72836,1256007,Please remove opportunity created in error,Normal,18/Dec/25 10:47 AM
SD-72810,1255743,Can you please help me get access to Salesforce,Normal,18/Dec/25 8:32 AM
SD-72663,1254281,Delete duplicate opp Thermotechinc1,Normal,17/Dec/25 9:40 AM
SD-72662,1254275,Delete duplicate opp associatedheatingandairconditioning,Normal,17/Dec/25 9:38 AM
SD-72646,1254152,Salesforce Access Needed,Normal,17/Dec/25 8:21 AM
SD-72507,1252676,Request to delete an opp,Normal,16/Dec/25 9:04 AM
SD-72490,1252593,Salesforce Missing Access,Normal,16/Dec/25 8:26 AM
SD-72397,1251369,Request access to SFDC both ST and Aspire,Normal,15/Dec/25 11:53 AM
SD-72386,1251319,Request to move this stage back to Pending Boarding,Normal,15/Dec/25 11:24 AM
SD-72380,1251263,Cleanup Onboarding Record,Normal,15/Dec/25 10:54 AM
SD-72263,1250047,Unable to Closed Lost The Payments Opp Able Roofing LLC DBA Crane Renovation Group,Normal,12/Dec/25 1:39 PM
SD-72250,1249852,Delete Payment Opp Bear Valley Plumbing and Heating,Normal,12/Dec/25 11:29 AM
SD-72127,1248169,Please Delete Duplicate Payments Opportunity for Greenman Inc,Normal,11/Dec/25 9:56 AM
SD-72106,1247993,Duplicate opportunity created,Normal,11/Dec/25 8:34 AM
SD-72075,1247610,Need Salesforce Production Access,Normal,11/Dec/25 3:21 AM
SD-72029,1247012,Please Delete Duplicate Payment Opp for Brisbane Plumbing and Drainage Pty Ltd,Normal,10/Dec/25 1:33 PM
SD-72027,1247006,Please Delete Duplicate Payment Opp for House Doctors of The Lowcountry,Normal,10/Dec/25 1:30 PM
SD-71920,1245648,hey team can you please help me churn this OB record,Normal,09/Dec/25 7:24 PM
SD-71919,1245619,Salesforce Access,Normal,09/Dec/25 6:03 PM
SD-71917,1245567,hey team OB record to churn please,Normal,09/Dec/25 5:25 PM
SD-71914,1245505,Roll Onboarding Status back to Pending Underwriting,Normal,09/Dec/25 4:35 PM
SD-71692,1243171,Salesforce access,Normal,08/Dec/25 11:32 AM
SD-71653,1242692,Remove Payments opportunity,Normal,08/Dec/25 8:13 AM
SD-71587,1241088,System keeps changing primary contact on success customers,Normal,05/Dec/25 3:18 PM
SD-71577,1240987,Salesforce Access,Normal,05/Dec/25 1:36 PM
SD-71573,1240977,Create Payment Opportunity for Bear Valley Plumbing and Heating,Normal,05/Dec/25 1:28 PM
SD-71552,1240838,Please Create a Payments Opportunity for Rholla Inc DBA Mr Electric of Winter Haven,Normal,05/Dec/25 12:13 PM
SD-71546,1240779,Cannot access Salesforce account via button redirects to non-existent account page,Normal,05/Dec/25 11:50 AM
SD-71527,1240566,Upgrade SF permissions for Jessi Jimenez,Normal,05/Dec/25 10:16 AM
SD-71518,1240509,Need a new ServiceTitan Payments Opportunity,Normal,05/Dec/25 9:46 AM
SD-71510,1240434,Please re-grant SalesForce Access,Normal,05/Dec/25 9:16 AM
SD-71452,1239180,Bryan Neely Reactive in SFDC,Normal,04/Dec/25 4:10 PM
SD-71451,1239142,User License for Salesforce,Normal,04/Dec/25 3:49 PM
SD-71440,1238982,Please Delete Payments Opportunity for FH Franchising LLC dba HomeField Franchising,Normal,04/Dec/25 2:21 PM
SD-71245,1236605,Still cant access sfdc,Normal,03/Dec/25 11:49 AM
SD-71211,1236303,Request to delete an opp,Normal,03/Dec/25 9:34 AM
SD-71196,1236118,Please delete this record as it is a duplicate one,Normal,03/Dec/25 8:36 AM
SD-71158,1235804,Duplicate opportunity created,Normal,03/Dec/25 5:59 AM
SD-70918,1232711,Salesforce access,Normal,01/Dec/25 12:49 PM
SD-70916,1232703,Please delete this opportunity Metro Builders Inc Tampa Bay Payments,Normal,01/Dec/25 12:46 PM
SD-70901,1232616,Update Salesforce Permissions,Normal,01/Dec/25 12:06 PM
SD-70871,1232476,Inactive Salesforce User,Normal,01/Dec/25 10:39 AM
SD-70831,1232301,Please Delete Duplicate Payments Opportunity for Mr Rooter mcgaughymarkw,Normal,01/Dec/25 9:23 AM
SD-70752,1230821,I need to reset my Salesforce password and havent set up a security question,Normal,28/Nov/25 11:27 AM
SD-70746,1230808,hey team can you please churn this OB record,Normal,28/Nov/25 10:40 AM
SD-70717,1229993,hey team another OB record to churn,Normal,27/Nov/25 2:50 AM
SD-70715,1229977,hey team can you help me churn this OB record,Normal,27/Nov/25 2:34 AM
SD-70714,1229928,hey team Can you please help me churn all the OB records here,Normal,27/Nov/25 1:01 AM
SD-70637,1229017,Request to have duplicated onboarding record deleted,Normal,26/Nov/25 8:08 AM
SD-70636,1229016,Help erasing Success Transition Status on those Onboarding Record need bypass permission,Normal,26/Nov/25 8:06 AM
SD-70564,1228043,SFDC Permissions,Normal,25/Nov/25 12:33 PM
SD-70548,1227998,Request to delete an opp,Normal,25/Nov/25 12:01 PM
SD-70540,1227872,Please remove onboarding record,Normal,25/Nov/25 10:46 AM
SD-70529,1227750,Lost access to SFDC,Normal,25/Nov/25 9:49 AM
SD-70523,1227704,Salesforce access removed,Normal,25/Nov/25 9:26 AM
SD-70466,1227164,Delete/remove SFDC account,Normal,25/Nov/25 4:00 AM
SD-70434,1226487,Please Create a Payments Opportunity for Mr Electric of East Baltimore,Normal,24/Nov/25 2:36 PM
SD-70410,1226221,Please delete these OB records as they are duplicate cases,Normal,24/Nov/25 12:55 PM
SD-70375,1225973,Request for access to salesforce,Normal,24/Nov/25 10:51 AM
SD-70265,1223807,SalesForce Quote Creation Access,Normal,21/Nov/25 12:07 PM
SD-70250,1223672,Access to Salesforce,Normal,21/Nov/25 11:07 AM
SD-70236,1223580,Please Create a Payments Opportunity for Mr Rooter mcgaughymarkw,Normal,21/Nov/25 10:09 AM
SD-70197,1223250,Change status back to Approved on Opportunity,Normal,21/Nov/25 7:52 AM
SD-70184,1223030,hey team can you please churn this OB record for me,Normal,21/Nov/25 5:07 AM
SD-70182,1223023,hey team Can you please help me churn this OB record,Normal,21/Nov/25 5:03 AM
SD-70137,1222213,Please create a Payment Opportunity for T and L Power Pros LLC dba Mr Electric of Canton,Normal,20/Nov/25 2:18 PM
SD-70131,1222171,Please close duplicate opportunity for Kahn Air Conditioning Inc,Normal,20/Nov/25 1:57 PM
SD-70083,1221783,Access to SalesForce and Access to Impersonate Users in ST,Normal,20/Nov/25 10:35 AM
SD-70068,1221622,Lost SFDC access,Normal,20/Nov/25 9:44 AM
SD-70022,1220789,The Updated Flip to Live Dashboard in Salesforce isnt active because the owner is deactivated,Normal,19/Nov/25 10:46 PM
SD-70004,1220437,Danna escarraga needs all the salesforce Access for her role as nesting lead,Normal,19/Nov/25 3:38 PM
SD-69968,1219958,need access to changing opp owner in SFDC,Normal,19/Nov/25 11:30 AM
SD-69936,1219745,Salesforce Access Request,Normal,19/Nov/25 9:48 AM
SD-69893,1219302,SalesForce access revoked for my account after my promotion,Normal,19/Nov/25 6:10 AM
SD-69763,1217871,Request to delete an opp,Normal,18/Nov/25 9:22 AM
SD-69730,1217701,Salesforce Access Request for New Hire,Normal,18/Nov/25 8:32 AM
SD-69702,1217514,Please grant RJ Stone with all SalesForce permissions,Normal,18/Nov/25 6:59 AM
SD-69663,1217302,Please provide me access to Salesforce,Normal,18/Nov/25 4:01 AM
SD-69625,1216513,Salesforce Access,Normal,17/Nov/25 2:42 PM
SD-69565,1215927,Please delete the following duplicate record,Normal,17/Nov/25 11:04 AM
SD-69531,1215679,Salesforce access,Normal,17/Nov/25 9:21 AM
SD-69530,1215627,Please create a Payments Opportunity for Clt quality air dba Quality pro Services,Normal,17/Nov/25 9:06 AM
SD-69466,1214457,hey team can I get help churning this Onboarding record,Normal,15/Nov/25 1:32 PM
SD-69438,1213962,Access to Salesforce,Normal,14/Nov/25 2:45 PM
SD-69293,1211826,Kicked out of Salesforce,Normal,13/Nov/25 1:25 PM
SD-69284,1211718,Need opportunity stage in SFDC moved back to Pending Boarding,Normal,13/Nov/25 12:43 PM
SD-69239,1211434,Please Create a Payments Opportunity for Mr Rooter mcgaughymarkw,Normal,13/Nov/25 10:26 AM
SD-69107,1209606,Need accounts to be reassigned in SFDC,Normal,12/Nov/25 12:46 PM
SD-69072,1209363,Please create a Payments Opportunity for TRAGAR FUEL OIL CO INC,Normal,12/Nov/25 10:46 AM
SD-69048,1209167,I need assistance logging into my Salesforce,Normal,12/Nov/25 9:30 AM
SD-69022,1208974,I need help deleting a Salesforce Onboarding record for Allstar Holdings LLC,Normal,12/Nov/25 8:16 AM
SD-68968,1207989,Delete/remove SFDC account,Normal,11/Nov/25 8:57 AM
SD-68888,1206405,Please create a Payments Opportunity for MG3 HVAC LLC dba Quality Pro Services South Charlotte,Normal,10/Nov/25 10:29 AM
SD-68779,1204346,Request to create a Payments opp,Normal,07/Nov/25 2:48 PM
SD-68658,1202589,Please delete duplicate payment opportunity for Metro Builders Inc Tampa Bay,Normal,06/Nov/25 3:32 PM
SD-68642,1202468,SFDC Access,Normal,06/Nov/25 1:57 PM
SD-68635,1202391,ServiceTitan Salesforce Access,Normal,06/Nov/25 1:25 PM
SD-68534,1200248,Hi Can you help me churn OB record please,Normal,06/Nov/25 2:26 AM
SD-68518,1199894,Please create a Payment Opportunity for Ellis Services LLC DBA Mr Rooter Plumbing of Wausau,Normal,05/Nov/25 4:48 PM
SD-68324,1197625,Please create a Payments Opportunity for Reliable Plumbing Clearwater LLC,Normal,04/Nov/25 1:32 PM
SD-68315,1197476,SFDC Access Needed,Normal,04/Nov/25 12:42 PM
SD-68085,1194569,Request to have 2 duplicated onboarding records deleted,Normal,03/Nov/25 8:22 AM
SD-68011,1192934,No access to close lost opp please assist with backend closure,Normal,31/Oct/25 4:21 PM
SD-67965,1192518,Please create a Payments Opportunity for Mr Handyman scottdavid,Normal,31/Oct/25 12:19 PM
SD-67939,1192184,Please Create Payments Opportunity for Young Electrical Inc DBA Mr Electric of Allegan,Normal,31/Oct/25 9:27 AM
SD-67930,1192158,Salesforce Access,Normal,31/Oct/25 9:16 AM
SD-67929,1192151,Can we please get this Payments opp back to the correct stage discovery call,Normal,31/Oct/25 9:13 AM
SD-67908,1192030,Salesforce access,Normal,31/Oct/25 7:51 AM
SD-67865,1191155,Request to create a Payments opp,Normal,30/Oct/25 3:05 PM
SD-67804,1190753,Salesforce Access Request for New Hire,Normal,30/Oct/25 11:32 AM
SD-67784,1190555,Salesforce Access Required,Normal,30/Oct/25 10:18 AM
SD-67774,1190486,Access to Salesforce,Normal,30/Oct/25 9:45 AM
SD-67768,1190448,Please create a Payment Opportunity for mrrbanfiendre,Normal,30/Oct/25 9:29 AM
SD-67766,1190446,Please Create a Payment Opportunity for mrrrohdedaniel,Normal,30/Oct/25 9:27 AM
SD-67749,1190267,Please create Payment Opp in SFDC,Normal,30/Oct/25 8:12 AM
SD-67748,1190252,Please create new Payment Opportunity for Neighborly account,Normal,30/Oct/25 8:09 AM
SD-67743,1190226,SalesForce Access Revokes,Normal,30/Oct/25 7:58 AM
SD-67641,1189088,Request to create a Payments opp,Normal,29/Oct/25 2:53 PM
SD-67631,1188981,Need to regain access to SalesForce in Okta,Normal,29/Oct/25 2:09 PM
SD-67603,1188732,Can not create payment opportunity in salesforce,Normal,29/Oct/25 12:16 PM
SD-67586,1188606,Please create a ServiceTitan Payments Opportunity for The Plumbing Professionals LLC,Normal,29/Oct/25 11:19 AM
SD-67565,1188368,Create Payments Opportunity,Normal,29/Oct/25 9:54 AM
SD-67562,1188344,Please create a Payments Opportunity for Salt River Air,Normal,29/Oct/25 9:48 AM
SD-67560,1188322,Please create a ServiceTitan Payments Opportunity for Dayco Systems LLC,Normal,29/Oct/25 9:40 AM
SD-67553,1188293,Please Delete Duplicate Payments Opportunity for Penny Electric LLC,Normal,29/Oct/25 9:16 AM
SD-67547,1188265,Please add salesforce tile back to my Okta account,Normal,29/Oct/25 9:01 AM
SD-67535,1188158,Please delete these cases as they are duplicate,Normal,29/Oct/25 8:24 AM
SD-67532,1188127,Unable to create Payment opp,Normal,29/Oct/25 8:06 AM
SD-67413,1186429,Please delete move this payment opportunity to Closed Lost,Normal,28/Oct/25 9:55 AM
SD-67303,1184739,Salesforce Access,Normal,27/Oct/25 1:35 PM
SD-67298,1184686,ServiceTitan Salesforce Access,Normal,27/Oct/25 1:14 PM
SD-67280,1184563,Access to Salesforce CRM CPQ and Billing,Normal,27/Oct/25 12:32 PM
SD-67229,1183894,Please remove duplicated onboarding record,Normal,27/Oct/25 8:28 AM
SD-67174,1183114,Please create a payment opp for The Thomas Trio LLC DBA Mr Electric of Land O Lakes,Normal,26/Oct/25 7:24 PM
SD-67119,1181792,Report Access,Normal,24/Oct/25 11:28 AM
SD-67054,1180690,Need to change Onboarder from the account level,Normal,23/Oct/25 5:43 PM
SD-66836,1178139,Remove Payments opportunity,Normal,22/Oct/25 11:17 AM
SD-66833,1178112,Lost access to Salesforce,Normal,22/Oct/25 11:01 AM
SD-66805,1177833,Remove Payments opportunity,Normal,22/Oct/25 9:10 AM
SD-66796,1177791,Need a new ServiceTitan Payments Opportunity,Normal,22/Oct/25 8:52 AM
SD-66727,1176892,Request to move this stage back to Discovery Call,Normal,21/Oct/25 6:01 PM
SD-66352,1173858,Please create a Service Finance Opportunity for Green Leaf AC and Heating LLC,Normal,20/Oct/25 10:34 AM
SD-66330,1173713,I need access to Salesforce,Normal,20/Oct/25 9:22 AM
SD-66230,1171705,Please create a Payments Opportunity for Mr Handyman vanordenjohn,Normal,17/Oct/25 12:36 PM
SD-66210,1171552,Duplicate opportunity created,Normal,17/Oct/25 10:59 AM
SD-66182,1171145,Please Delete Duplicate Payments Opportunity for Pro Energy Solutions Inc,Normal,17/Oct/25 8:34 AM
SD-66174,1171088,Request to delete duplicated opp,Normal,17/Oct/25 7:52 AM
SD-66173,1171086,Request to have onboarding records deleted,Normal,17/Oct/25 7:48 AM
SD-66125,1170271,Please delete duplicate opportunity for NC Quality Air,Normal,16/Oct/25 2:21 PM
SD-66074,1169842,Please create a Payment Opportunity for Elite Roofing and Remodel,Normal,16/Oct/25 10:53 AM
SD-65914,1168322,Please create Payment Opportunities for Zoom Drain,Normal,15/Oct/25 12:55 PM
SD-65725,1166114,Request to delete an opp,Normal,14/Oct/25 11:16 AM
SD-65538,1164141,Please create a Payment Opportunity for Absolute Power,Normal,13/Oct/25 9:54 AM
SD-65535,1164135,Please delete duplicated Synchrony finance onboarding record,Normal,13/Oct/25 9:52 AM
SD-65412,1162098,Create Payments Opportunity,Normal,10/Oct/25 10:53 AM
SD-65209,1159108,Please create a Payment Opportunity for Reliable Plumbing Clearwater LLC,Normal,08/Oct/25 3:01 PM
SD-65208,1159087,Please Create a Payments Opportunity for Mr Electric showerssean,Normal,08/Oct/25 2:53 PM
SD-65120,1157722,Need a new ServiceTitan Payments Opportunity,Normal,08/Oct/25 7:30 AM
SD-65010,1156130,Unable to create Payment opp,Normal,07/Oct/25 9:42 AM
SD-64957,1155221,Please create a Payment Opportunity for Price Services Heating and Air of NC LLC,Normal,06/Oct/25 7:42 PM
SD-64951,1155101,Please delete the following records as they were opened in error,Normal,06/Oct/25 5:36 PM
SD-64689,1150083,Please create a Payment Opportunity for the following Zoom Drain locations,Normal,02/Oct/25 10:27 PM
SD-64649,1149418,Duplicate opportunity created,Normal,02/Oct/25 12:21 PM
SD-64544,1147369,Please create a Payment Opportunity for Apex Heating And Air Conditioning Inc,Normal,01/Oct/25 7:59 PM
SD-64533,1147160,Create a Payments Opportunity for Roto Rooter Corp,Normal,01/Oct/25 3:42 PM
SD-64515,1146772,I lost access to ServiceTitan Salesforce,Normal,01/Oct/25 1:10 PM
SD-64459,1146279,Need to change Onboarder from the account level,Normal,01/Oct/25 8:24 AM
SD-64448,1146142,Duplicate opportunity created,Normal,01/Oct/25 6:47 AM
SD-64424,1145738,Request to move this stage back to Approved,Normal,30/Sep/25 5:36 PM
SD-64351,1145159,Deleting a Duplicated op,Normal,30/Sep/25 12:14 PM
SD-64350,1145155,Rolling a stage back in fintech op,Normal,30/Sep/25 12:12 PM
SD-64333,1145011,Request to delete and onboarding record created in error,Normal,30/Sep/25 11:05 AM
SD-63738,1141788,Need a Payments Opportunity Closed Lost,Normal,29/Sep/25 9:15 AM
SD-63556,1138383,Request to create a Payments opp,Normal,25/Sep/25 5:18 PM
SD-63485,1137697,Create Payments Opportunity,Normal,25/Sep/25 10:30 AM
SD-63066,1132241,Please Create a Payments Opportunity for Electronics Unlimited LLC,Normal,22/Sep/25 10:58 AM
SD-62899,1129357,please delete this duplicate payment oppty,Normal,18/Sep/25 2:00 PM
SD-62847,1128956,Access to ST Salesforce,Normal,18/Sep/25 8:55 AM
SD-62726,1127398,Salesforce Access,Normal,17/Sep/25 7:31 AM
SD-62702,1126651,Please create a payment opp for The Stratford Cos,Normal,16/Sep/25 4:54 PM
SD-62681,1126427,Please adjust my Salesforce permissions,Normal,16/Sep/25 1:38 PM
SD-62535,1124840,Create Payments Opportunity TTP,Normal,15/Sep/25 11:52 AM
SD-62504,1124520,not able to change opportunity to closed won,Normal,15/Sep/25 9:40 AM
SD-62462,1123509,Please Closed Lost Opp Unable to Closed Lost,Normal,13/Sep/25 2:14 PM
SD-62429,1122856,Please match Christine Price Salesforce Account Permissions to Phoebe Blanco Account Permissions,Normal,12/Sep/25 12:48 PM
SD-62353,1121593,delete duplicate opportunity,Normal,11/Sep/25 5:58 PM
SD-62324,1121183,Please create a payments opportunity for San Angelo Trade Partners Inc DBA Air Dynamics,Normal,11/Sep/25 1:14 PM
SD-62267,1115640,Please create a Payments Opportunity for Platinum Plumbing and Heating inc,Normal,11/Sep/25 7:05 AM
SD-62240,1114877,Need access to SFDC,Normal,10/Sep/25 3:09 PM
SD-62076,1112912,Hi this onboarding record is a duplicate and needs to be removed,Normal,09/Sep/25 1:15 PM
SD-61984,1112104,Update Permissions,Normal,09/Sep/25 6:06 AM
SD-61871,1110533,Reactivate SFDC User and Add Talkdesk Permission Sets,Normal,08/Sep/25 9:52 AM
SD-61691,1107274,Request to delete an opp,Normal,04/Sep/25 3:37 PM
SD-61521,1104736,Duplicate opportunity created,Normal,03/Sep/25 1:09 PM
SD-61317,1102309,Please remove duplicated payments opportunity for Leo Kob Co,Normal,02/Sep/25 11:03 AM
SD-60966,1096593,Please create a Payment Opportunity for Red Mountain Garage Doors,Normal,28/Aug/25 6:07 AM
SD-60928,1095828,Request to move this stage back to Pending Boarding,Normal,27/Aug/25 3:39 PM
SD-60906,1095623,Please remove duplicate opportunity for GEORGE CUNNINGHAM COMPANY INC,Normal,27/Aug/25 1:26 PM
SD-60893,1095468,Duplicate opportunity created,Normal,27/Aug/25 12:08 PM
SD-60802,1094066,Unable to create Payment Opportunity in Salesforce,Normal,26/Aug/25 2:42 PM
SD-60775,1093770,Please create a payment opportunity for Grasten Power Technologies LLC,Normal,26/Aug/25 11:24 AM
SD-60762,1093641,Please delete the following records as they are duplicates,Normal,26/Aug/25 10:21 AM
SD-60118,1086730,Please delete the duplicate case,Normal,19/Aug/25 2:06 PM
SD-60116,1086722,Please delete these records as they are duplicates,Normal,19/Aug/25 2:02 PM
SD-60097,1086491,Please create a payment opportunity for Smokey Cannon LLC dba Mr Rooter Plumbing of Greater Austin,Normal,19/Aug/25 11:26 AM
SD-59888,1083782,Need access to SFDC,Normal,15/Aug/25 3:55 PM
SD-59872,1083669,Create Payments Opportunity,Normal,15/Aug/25 1:51 PM
SD-59782,1082631,Request to delete an opp,Normal,14/Aug/25 4:23 PM
SD-59779,1082560,Please Create a Payments Opportunity for Mr Electric ricciomichael,Normal,14/Aug/25 3:44 PM
SD-59765,1082470,Please Create Payments Opportunity for Puronics of NorCal,Normal,14/Aug/25 2:38 PM
SD-59718,1081934,Cannot create a payment opportunity,Normal,14/Aug/25 8:45 AM
SD-59664,1081112,Access to create dashboards in SFDC,Normal,13/Aug/25 3:11 PM
SD-59542,1079468,Need CPQ access to train rep,Normal,12/Aug/25 12:28 PM
SD-59512,1079136,Access in Salesforce similar to Nairuhi Tovmasyan,Normal,12/Aug/25 9:43 AM
SD-59508,1079081,need CPQ access for quote creation,Normal,12/Aug/25 9:20 AM
SD-59506,1079071,Need CPQ Access for Quote creation,Normal,12/Aug/25 9:13 AM
SD-59459,1078321,Please move Opp Stage Back to Discovery Call,Normal,11/Aug/25 4:59 PM
SD-59392,1077552,Access to Salesforce,Normal,11/Aug/25 9:44 AM
SD-59370,1077390,Please Create a Payments Opportunity for HomeField Onsite Environmental Williamson County,Normal,11/Aug/25 8:45 AM
SD-59289,1076550,Request to delete 2 opps,Normal,08/Aug/25 3:03 PM
SD-59262,1076096,Please Create a Payments Opportunity for FH Franchising LLC dba HomeField Franchising,Normal,08/Aug/25 10:28 AM
SD-59209,1075388,Request to delete opps,Normal,07/Aug/25 4:11 PM
SD-58957,1073102,Update Name in SFDC,Normal,06/Aug/25 8:16 AM
SD-58843,1071861,Andrew Najm needs access to CPQ for Quote building,Normal,05/Aug/25 10:01 AM
SD-58838,1071801,Please create a payments opportunity for 1 Tom Plumber of Ontario,Normal,05/Aug/25 9:34 AM
SD-58826,1071748,Please delete the following OB records as they were opened in error,Normal,05/Aug/25 9:10 AM
SD-58813,1071653,Please create a payment opportunity for Mr Rooter duckdavid,Normal,05/Aug/25 8:05 AM
SD-58728,1070683,Please delete these records as they are duplicates and were opened for a rep that no longer works,Normal,04/Aug/25 10:49 AM
SD-58693,1070442,Please create a Payment Opportunity for Raynor Hawaii Overhead Doors,Normal,04/Aug/25 8:59 AM
SD-58593,1068921,Need a new ServiceTitan Payments Opportunity,Normal,01/Aug/25 9:06 AM
SD-58544,1068276,Please create a Product Name Opportunity for Mr Handyman thadhanigautam,Normal,31/Jul/25 4:47 PM
SD-57938,1059937,Please create a Payment Opportunity for Local Maintenance Group PTY LTD,Normal,25/Jul/25 12:45 PM
SD-57891,1059426,Please Delete Duplicate Payment Opp for Nexus HVAC DBA Cobex Air,Normal,25/Jul/25 8:19 AM
SD-57841,1058536,Please Delete Duplicate Payment Opp Atlantic Pools Acquisition HoldCo Inc DBA Atlantic Waters,Normal,24/Jul/25 1:44 PM
SD-57606,1055499,Request to create Payments and Financing opps,Normal,22/Jul/25 5:11 PM
SD-57605,1055491,Request to delete 2 opps,Normal,22/Jul/25 5:09 PM
SD-57604,1055441,Request to create a Payments opp,Normal,22/Jul/25 5:04 PM
SD-57529,1054614,Please Create a Payments Opp for LM Construction and Maintenance LLC dba Mr Rooter Plumbing of Albuquerque,Normal,22/Jul/25 10:24 AM
SD-57452,1053471,Request to create a Payments and Financing opp,Normal,21/Jul/25 5:03 PM
SD-57236,1050776,Need Opportunity for GreenSky Financing,Normal,18/Jul/25 9:17 AM
SD-57182,1049890,Please delete these cases as they are duplicate OB records created by the system,Normal,17/Jul/25 2:18 PM
SD-57169,1049773,Please create a Payments Opportunity for Roof Scientist Fishers,Normal,17/Jul/25 1:15 PM
SD-57167,1049765,Please delete the following OB Records as they are duplicates and opened in error by the system,Normal,17/Jul/25 1:13 PM
SD-57083,1048606,Please update Opp Owner,Normal,16/Jul/25 5:20 PM
SD-57063,1048479,Please create a Payments Opportunity for Cleaning by Lamunyon Inc,Normal,16/Jul/25 3:16 PM
SD-57040,1048255,Request to delete an opp,Normal,16/Jul/25 1:03 PM
SD-56924,1046398,Requesting to elevate permissions in SFDC in order to update Account/Onboarding object fields,Normal,15/Jul/25 12:05 PM
SD-56888,1045833,Salesforce role permissions,Normal,15/Jul/25 9:06 AM
