issue_key,summary,issue_type,root_cause,business_impact,recommendation
RCA-001,OB record churn not syncing with Case/Account status,OnboardingOps,Missing automation or incomplete triggers/flows,Delays in onboarding and contract processing,Implement automated status synchronization (Case ↔ OB ↔ Account)
RCA-002,Manual errors in duplicate record creation,Duplicate,Poor data validation rules during record creation,Increased manual intervention by support teams,Add validation rules to prevent duplicate/invalid records
RCA-003,Manual errors in incorrect record creation,DataQuality,Poor data validation rules during record creation,Data inconsistencies across systems,Add validation rules to prevent duplicate/invalid records
RCA-004,Manual errors in deletion requests,OnboardingOps,Poor data validation rules during record creation,Increased manual intervention by support teams,Add validation rules to prevent duplicate/invalid records
RCA-005,Status transitions inconsistent - Pending Underwriting,StatusUpdate,No centralized orchestration for status updates,Delays in onboarding and contract processing,Build centralized orchestration (agent/flow-based)
RCA-006,Status transitions inconsistent - Contract Updated,StatusUpdate,No centralized orchestration for status updates,Delays in onboarding and contract processing,Build centralized orchestration (agent/flow-based)
RCA-007,Record locking issues preventing updates,Permission,Limited visibility into dependencies between objects,Reduced operational efficiency,Enable role-based access to avoid record locking issues
RCA-008,Incorrect subscription line mappings,DataQuality,Lack of end-to-end workflow validation across objects,Data inconsistencies across systems,Implement automated status synchronization (Case ↔ OB ↔ Account)
RCA-009,Lack of end-to-end workflow validation across Case OB Account,Integration,Lack of end-to-end workflow validation across objects,Reduced operational efficiency,Implement automated status synchronization (Case ↔ OB ↔ Account)
RCA-010,Limited visibility into dependencies between objects,MissingData,Limited visibility into dependencies between objects,Reduced operational efficiency,Build centralized orchestration (agent/flow-based)
